Species,Site,Plot,C/T,Plant ID,Date,FLWR PHENO Flwr Bud,FLWR PHENO Flwr Mat,FLWR PHENO Flwr Sen.,FLWR PHENO Cap twist,FLWR PHENO Seed Disp,FLWR PHE Aborted,Eaten,Height,PHENO,Flwr_total,,,,,,,,,,,,,,,,,,,,,,,,,,,,,,,,,,,,,,,,,,,,,,,,,,,,,,,,,,,,,,,
Dryas,Cassiope,1,C,506,219,,,5,,,,3,40,Sen,8,,,,,,,,,,,,,,,,,,,,,,,,,,,,,,,,,,,,,,,,,,,,,,,,,,,,,,,,,,,,,,,
Dryas,Cassiope,1,C,505,219,,,3,,,,,37,Sen,3,,,,,,,,,,,,,,,,,,,,,,,,,,,,,,,,,,,,,,,,,,,,,,,,,,,,,,,,,,,,,,,
Dryas,Cassiope,1,T,501,219,,,1,,,2,,56,A,3,,,,,,,,,,,,,,,,,,,,,,,,,,,,,,,,,,,,,,,,,,,,,,,,,,,,,,,,,,,,,,,
Dryas,Cassiope,1,T,1R,219,,,8,,,,,43,Sen,8,,,,,,,,,,,,,,,,,,,,,,,,,,,,,,,,,,,,,,,,,,,,,,,,,,,,,,,,,,,,,,,
Dryas,Cassiope,2,C,512,219,,,2,,,,,31,Sen,2,,,,,,,,,,,,,,,,,,,,,,,,,,,,,,,,,,,,,,,,,,,,,,,,,,,,,,,,,,,,,,,
Dryas,Cassiope,2,C,4R,219,,,3,,,,1,33,Sen,4,,,,,,,,,,,,,,,,,,,,,,,,,,,,,,,,,,,,,,,,,,,,,,,,,,,,,,,,,,,,,,,
Dryas,Cassiope,2,T,2R,219,,,1,9,,2,,91,Cap,12,,,,,,,,,,,,,,,,,,,,,,,,,,,,,,,,,,,,,,,,,,,,,,,,,,,,,,,,,,,,,,,
Dryas,Cassiope,2,T,3R,219,,,4,,,,,53,Sen,4,,,,,,,,,,,,,,,,,,,,,,,,,,,,,,,,,,,,,,,,,,,,,,,,,,,,,,,,,,,,,,,
Dryas,Cassiope,3,C,517,219,,,5,,,,,35,Sen,5,,,,,,,,,,,,,,,,,,,,,,,,,,,,,,,,,,,,,,,,,,,,,,,,,,,,,,,,,,,,,,,
Dryas,Cassiope,3,C,516,219,,,3,,,,,27,Sen,3,,,,,,,,,,,,,,,,,,,,,,,,,,,,,,,,,,,,,,,,,,,,,,,,,,,,,,,,,,,,,,,
Dryas,Cassiope,3,T,515,219,,,5,3,,,,54,Cap,8,,,,,,,,,,,,,,,,,,,,,,,,,,,,,,,,,,,,,,,,,,,,,,,,,,,,,,,,,,,,,,,
Dryas,Cassiope,3,T,514,219,,,6,,,,,59,Sen,6,,,,,,,,,,,,,,,,,,,,,,,,,,,,,,,,,,,,,,,,,,,,,,,,,,,,,,,,,,,,,,,
Dryas,Cassiope,4,C,524,219,,,,,,,1,17,Eat,1,,,,,,,,,,,,,,,,,,,,,,,,,,,,,,,,,,,,,,,,,,,,,,,,,,,,,,,,,,,,,,,
Dryas,Cassiope,4,C,5R,219,,,11,,,1,,42,Sen,12,,,,,,,,,,,,,,,,,,,,,,,,,,,,,,,,,,,,,,,,,,,,,,,,,,,,,,,,,,,,,,,
Dryas,Cassiope,4,T,519,219,,,2,4,,,,96,Cap,6,,,,,,,,,,,,,,,,,,,,,,,,,,,,,,,,,,,,,,,,,,,,,,,,,,,,,,,,,,,,,,,
Dryas,Cassiope,4,T,6R,219,,,9,1,,,,60,Cap,10,,,,,,,,,,,,,,,,,,,,,,,,,,,,,,,,,,,,,,,,,,,,,,,,,,,,,,,,,,,,,,,
Dryas,Cassiope,5,C,528,219,,,3,1,,,,53,Cap,4,,,,,,,,,,,,,,,,,,,,,,,,,,,,,,,,,,,,,,,,,,,,,,,,,,,,,,,,,,,,,,,
Dryas,Cassiope,5,C,529,219,,,3,,,,,41,Sen,3,,,,,,,,,,,,,,,,,,,,,,,,,,,,,,,,,,,,,,,,,,,,,,,,,,,,,,,,,,,,,,,
Dryas,Cassiope,5,T,525,219,,,4,5,,,,57,Cap,9,,,,,,,,,,,,,,,,,,,,,,,,,,,,,,,,,,,,,,,,,,,,,,,,,,,,,,,,,,,,,,,
Dryas,Cassiope,5,T,526,219,,,4,1,,,,78,Cap,5,,,,,,,,,,,,,,,,,,,,,,,,,,,,,,,,,,,,,,,,,,,,,,,,,,,,,,,,,,,,,,,
Dryas,Cassiope,6,C,7R,219,,,9,,,,,35,Sen,9,,,,,,,,,,,,,,,,,,,,,,,,,,,,,,,,,,,,,,,,,,,,,,,,,,,,,,,,,,,,,,,
Dryas,Cassiope,6,C,8R,219,,,6,1,,,,46,Cap,7,,,,,,,,,,,,,,,,,,,,,,,,,,,,,,,,,,,,,,,,,,,,,,,,,,,,,,,,,,,,,,,
Dryas,Cassiope,6,T,9R,219,,,1,7,,2,,75,Cap,10,,,,,,,,,,,,,,,,,,,,,,,,,,,,,,,,,,,,,,,,,,,,,,,,,,,,,,,,,,,,,,,
Dryas,Cassiope,6,T,10R,219,,,10,,,,,43,Sen,10,,,,,,,,,,,,,,,,,,,,,,,,,,,,,,,,,,,,,,,,,,,,,,,,,,,,,,,,,,,,,,,
Dryas,Cassiope,7,C,11R,219,,,3,,,,,49,Sen,3,,,,,,,,,,,,,,,,,,,,,,,,,,,,,,,,,,,,,,,,,,,,,,,,,,,,,,,,,,,,,,,
Dryas,Cassiope,7,C,12R,219,,,2,2,,,,53,Cap,4,,,,,,,,,,,,,,,,,,,,,,,,,,,,,,,,,,,,,,,,,,,,,,,,,,,,,,,,,,,,,,,
Dryas,Cassiope,7,T,600,219,,,3,4,,6,,82,Cap,13,,,,,,,,,,,,,,,,,,,,,,,,,,,,,,,,,,,,,,,,,,,,,,,,,,,,,,,,,,,,,,,
Dryas,Cassiope,7,T,13R,219,,,15,,,,,37,Sen,15,,,,,,,,,,,,,,,,,,,,,,,,,,,,,,,,,,,,,,,,,,,,,,,,,,,,,,,,,,,,,,,
Dryas,Cassiope,8,C,534,219,,,4,,,,,36,Sen,4,,,,,,,,,,,,,,,,,,,,,,,,,,,,,,,,,,,,,,,,,,,,,,,,,,,,,,,,,,,,,,,
Dryas,Cassiope,8,C,535,219,,,12,,,,,41,Sen,12,,,,,,,,,,,,,,,,,,,,,,,,,,,,,,,,,,,,,,,,,,,,,,,,,,,,,,,,,,,,,,,
Dryas,Cassiope,8,T,531,219,,,2,,,,,43,Sen,2,,,,,,,,,,,,,,,,,,,,,,,,,,,,,,,,,,,,,,,,,,,,,,,,,,,,,,,,,,,,,,,
Dryas,Cassiope,8,T,14R,219,,,2,,,2,,39,Sen,4,,,,,,,,,,,,,,,,,,,,,,,,,,,,,,,,,,,,,,,,,,,,,,,,,,,,,,,,,,,,,,,
Dryas,Cassiope,9,C,541,219,,,3,1,,,,48,Sen,4,,,,,,,,,,,,,,,,,,,,,,,,,,,,,,,,,,,,,,,,,,,,,,,,,,,,,,,,,,,,,,,
Dryas,Cassiope,9,C,542,219,,,4,1,,,,45,Cap,5,,,,,,,,,,,,,,,,,,,,,,,,,,,,,,,,,,,,,,,,,,,,,,,,,,,,,,,,,,,,,,,
Dryas,Cassiope,9,T,538,219,,,7,,,,,36,Sen,7,,,,,,,,,,,,,,,,,,,,,,,,,,,,,,,,,,,,,,,,,,,,,,,,,,,,,,,,,,,,,,,
Dryas,Cassiope,9,T,539,219,,,3,3,,,,58,Cap,6,,,,,,,,,,,,,,,,,,,,,,,,,,,,,,,,,,,,,,,,,,,,,,,,,,,,,,,,,,,,,,,
Dryas,Cassiope,10,C,547,219,,,2,,,,,39,Sen,2,,,,,,,,,,,,,,,,,,,,,,,,,,,,,,,,,,,,,,,,,,,,,,,,,,,,,,,,,,,,,,,
Dryas,Cassiope,10,C,548,219,,,7,,,,,36,Sen,7,,,,,,,,,,,,,,,,,,,,,,,,,,,,,,,,,,,,,,,,,,,,,,,,,,,,,,,,,,,,,,,
Dryas,Cassiope,10,T,544,219,,,,3,,1,,64,Cap,4,,,,,,,,,,,,,,,,,,,,,,,,,,,,,,,,,,,,,,,,,,,,,,,,,,,,,,,,,,,,,,,
Dryas,Cassiope,10,T,15R,219,,,2,,,,,51,Sen,2,,,,,,,,,,,,,,,,,,,,,,,,,,,,,,,,,,,,,,,,,,,,,,,,,,,,,,,,,,,,,,,
Dryas,Cassiope,11,C,553,219,,,1,,,,,17,Sen,1,,,,,,,,,,,,,,,,,,,,,,,,,,,,,,,,,,,,,,,,,,,,,,,,,,,,,,,,,,,,,,,
Dryas,Cassiope,11,C,554,219,,,4,,,,,28,Sen,4,,,,,,,,,,,,,,,,,,,,,,,,,,,,,,,,,,,,,,,,,,,,,,,,,,,,,,,,,,,,,,,
Dryas,Cassiope,11,T,550,219,,,6,,,,,36,Sen,6,,,,,,,,,,,,,,,,,,,,,,,,,,,,,,,,,,,,,,,,,,,,,,,,,,,,,,,,,,,,,,,
Dryas,Cassiope,11,T,16R,219,,,10,3,,1,,38,Cap,14,,,,,,,,,,,,,,,,,,,,,,,,,,,,,,,,,,,,,,,,,,,,,,,,,,,,,,,,,,,,,,,
Dryas,Cassiope,12,C,558,219,,,1,,,,,61,Sen,1,,,,,,,,,,,,,,,,,,,,,,,,,,,,,,,,,,,,,,,,,,,,,,,,,,,,,,,,,,,,,,,
Dryas,Cassiope,12,C,559,219,,,2,,,,1,22,Sen,3,,,,,,,,,,,,,,,,,,,,,,,,,,,,,,,,,,,,,,,,,,,,,,,,,,,,,,,,,,,,,,,
Dryas,Cassiope,12,T,555,219,,,,,,3,,27,A,3,,,,,,,,,,,,,,,,,,,,,,,,,,,,,,,,,,,,,,,,,,,,,,,,,,,,,,,,,,,,,,,
Dryas,Cassiope,12,T,557,219,,,7,,,,,40,Sen,7,,,,,,,,,,,,,,,,,,,,,,,,,,,,,,,,,,,,,,,,,,,,,,,,,,,,,,,,,,,,,,,
Dryas,Cassiope,13,C,594,219,,,5,,,,,53,Sen,5,,,,,,,,,,,,,,,,,,,,,,,,,,,,,,,,,,,,,,,,,,,,,,,,,,,,,,,,,,,,,,,
Dryas,Cassiope,13,C,596,219,,,5,,,,,41,Sen,5,,,,,,,,,,,,,,,,,,,,,,,,,,,,,,,,,,,,,,,,,,,,,,,,,,,,,,,,,,,,,,,
Dryas,Cassiope,13,T,17R,219,,,2,3,,,,66,Cap,5,,,,,,,,,,,,,,,,,,,,,,,,,,,,,,,,,,,,,,,,,,,,,,,,,,,,,,,,,,,,,,,
Dryas,Cassiope,13,T,18R,219,,,7,,,,,42,Sen,7,,,,,,,,,,,,,,,,,,,,,,,,,,,,,,,,,,,,,,,,,,,,,,,,,,,,,,,,,,,,,,,
Dryas,Cassiope,14,C,588,219,,,1,,,,,29,Sen,1,,,,,,,,,,,,,,,,,,,,,,,,,,,,,,,,,,,,,,,,,,,,,,,,,,,,,,,,,,,,,,,
Dryas,Cassiope,14,C,590,219,,,3,,,,,37,Sen,3,,,,,,,,,,,,,,,,,,,,,,,,,,,,,,,,,,,,,,,,,,,,,,,,,,,,,,,,,,,,,,,
Dryas,Cassiope,14,T,587,219,,,1,2,,,,54,Cap,3,,,,,,,,,,,,,,,,,,,,,,,,,,,,,,,,,,,,,,,,,,,,,,,,,,,,,,,,,,,,,,,
Dryas,Cassiope,14,T,585,219,,,1,1,,,,58,Cap,2,,,,,,,,,,,,,,,,,,,,,,,,,,,,,,,,,,,,,,,,,,,,,,,,,,,,,,,,,,,,,,,
Dryas,Cassiope,15,C,564,219,,,1,,,,,31,Sen,1,,,,,,,,,,,,,,,,,,,,,,,,,,,,,,,,,,,,,,,,,,,,,,,,,,,,,,,,,,,,,,,
Dryas,Cassiope,15,C,566,219,,,,,,,2,31,Eat,2,,,,,,,,,,,,,,,,,,,,,,,,,,,,,,,,,,,,,,,,,,,,,,,,,,,,,,,,,,,,,,,
Dryas,Cassiope,15,T,561,219,,,2,,,,,45,Sen,2,,,,,,,,,,,,,,,,,,,,,,,,,,,,,,,,,,,,,,,,,,,,,,,,,,,,,,,,,,,,,,,
Dryas,Cassiope,15,T,19R,219,,,2,3,,,,81,Cap,5,,,,,,,,,,,,,,,,,,,,,,,,,,,,,,,,,,,,,,,,,,,,,,,,,,,,,,,,,,,,,,,
Dryas,Cassiope,16,C,570,219,,,5,,,,,44,Sen,5,,,,,,,,,,,,,,,,,,,,,,,,,,,,,,,,,,,,,,,,,,,,,,,,,,,,,,,,,,,,,,,
Dryas,Cassiope,16,C,572,219,,,9,,,,,38,Sen,9,,,,,,,,,,,,,,,,,,,,,,,,,,,,,,,,,,,,,,,,,,,,,,,,,,,,,,,,,,,,,,,
Dryas,Cassiope,16,T,20R,219,,,2,,,,,20,Sen,2,,,,,,,,,,,,,,,,,,,,,,,,,,,,,,,,,,,,,,,,,,,,,,,,,,,,,,,,,,,,,,,
Dryas,Cassiope,16,T,21R,219,,,4,,,,,45,Sen,4,,,,,,,,,,,,,,,,,,,,,,,,,,,,,,,,,,,,,,,,,,,,,,,,,,,,,,,,,,,,,,,
Dryas,Cassiope,17,C,576,219,,,7,,,,,30,Sen,7,,,,,,,,,,,,,,,,,,,,,,,,,,,,,,,,,,,,,,,,,,,,,,,,,,,,,,,,,,,,,,,
Dryas,Cassiope,17,C,23R,219,,,,1,,,,34,Cap,1,,,,,,,,,,,,,,,,,,,,,,,,,,,,,,,,,,,,,,,,,,,,,,,,,,,,,,,,,,,,,,,
Dryas,Cassiope,17,T,22R,219,,,12,2,,,,61,Cap,14,,,,,,,,,,,,,,,,,,,,,,,,,,,,,,,,,,,,,,,,,,,,,,,,,,,,,,,,,,,,,,,
Dryas,Cassiope,17,T,574,219,,,1,,,,,53,Sen,1,,,,,,,,,,,,,,,,,,,,,,,,,,,,,,,,,,,,,,,,,,,,,,,,,,,,,,,,,,,,,,,
Dryas,Cassiope,18,C,584,219,,,4,,,,,52,Sen,4,,,,,,,,,,,,,,,,,,,,,,,,,,,,,,,,,,,,,,,,,,,,,,,,,,,,,,,,,,,,,,,
Dryas,Cassiope,18,C,582,219,,,2,,,,1,35,Sen,3,,,,,,,,,,,,,,,,,,,,,,,,,,,,,,,,,,,,,,,,,,,,,,,,,,,,,,,,,,,,,,,
Dryas,Cassiope,18,T,24R,219,,,4,4,,4,,60,Cap,12,,,,,,,,,,,,,,,,,,,,,,,,,,,,,,,,,,,,,,,,,,,,,,,,,,,,,,,,,,,,,,,
Dryas,Cassiope,18,T,25R,219,,,12,,,,,45,Sen,12,,,,,,,,,,,,,,,,,,,,,,,,,,,,,,,,,,,,,,,,,,,,,,,,,,,,,,,,,,,,,,,
Dryas,FERT,5,C,1F,219,,,5,,,,,31,,5,,,,,,,,,,,,,,,,,,,,,,,,,,,,,,,,,,,,,,,,,,,,,,,,,,,,,,,4,0,,,,,,,
Dryas,FERT,6,T,2F,219,,,4,,,,,28,,4,,,,,,,,,,,,,,,,,,,,,,,,,,,,,,,,,,,,,,,,,,,,,,,,,,,,,,,0,5,,,,,,,
Dryas,FERT,6,T,3F,219,,,4,1,,,,95,Cap,5,,,,,,,,,,,,,,,,,,,,,,,,,,,,,,,,,,,,,,,,,,,,,,,,,,,,,,,1,2,,,,,,,
Dryas,FERT,7,C,4F,219,,,1,2,,,,61,Cap,3,,,,,,,,,,,,,,,,,,,,,,,,,,,,,,,,,,,,,,,,,,,,,,,,,,,,,,,3,3,,,,,,,
Dryas,FERT,8,T,5F,219,,,6,,,,,42,,6,,,,,,,,,,,,,,,,,,,,,,,,,,,,,,,,,,,,,,,,,,,,,,,,,,,,,,,0,9,,,,,,,
Dryas,FERT,13,C,7F,219,,,,9,,,,74,,9,,,,,,,,,,,,,,,,,,,,,,,,,,,,,,,,,,,,,,,,,,,,,,,,,,,,,,,0,4,,,,,,,
Dryas,FERT,14,T,6F,219,,,1,3,,,,75,Cap,4,,,,,,,,,,,,,,,,,,,,,,,,,,,,,,,,,,,,,,,,,,,,,,,,,,,,,,,1,4,,,,,,,
Dryas,FERT,15,C,9F,219,,,5,,,,,64,,5,,,,,,,,,,,,,,,,,,,,,,,,,,,,,,,,,,,,,,,,,,,,,,,,,,,,,,,1,6,,,,,,,
Dryas,FERT,16,T,8F,219,,,4,,,3,,62,Sen,7,,,,,,,,,,,,,,,,,,,,,,,,,,,,,,,,,,,,,,,,,,,,,,,,,,,,,,,3,2,,,,,,,
Dryas,FERT,21,C,11F,219,,,6,,,,,49,,6,,,,,,,,,,,,,,,,,,,,,,,,,,,,,,,,,,,,,,,,,,,,,,,,,,,,,,,4,2,,,,,,,
Dryas,FERT,22,T,12F,219,,,5,1,,,,59,Cap,6,,,,,,,,,,,,,,,,,,,,,,,,,,,,,,,,,,,,,,,,,,,,,,,,,,,,,,,4,1,,,,,,,
Dryas,FERT,23,C,13F,219,,,3,2,,,,75,,5,,,,,,,,,,,,,,,,,,,,,,,,,,,,,,,,,,,,,,,,,,,,,,,,,,,,,,,0,5,,,,,,,
Dryas,FERT,24,T,10F,219,,,5,,,,,63,,5,,,,,,,,,,,,,,,,,,,,,,,,,,,,,,,,,,,,,,,,,,,,,,,,,,,,,,,6,3,,,,,,,
Dryas,FERT,29,C,16F,219,,,7,,,,,44,Sen,7,,,,,,,,,,,,,,,,,,,,,,,,,,,,,,,,,,,,,,,,,,,,,,,,,,,,,,,0,7,,,,,,,
Dryas,FERT,30,T,14F,219,,,,6,,1,,114,Cap,7,,,,,,,,,,,,,,,,,,,,,,,,,,,,,,,,,,,,,,,,,,,,,,,,,,,,,,,5,3,,,,,,,
Dryas,FERT,31,C,15F,219,,,8,1,,,,56,Cap,9,,,,,,,,,,,,,,,,,,,,,,,,,,,,,,,,,,,,,,,,,,,,,,,,,,,,,,,4,1,,,,,,,
Dryas,FERT,37,C,19F,219,,,5,,,,,49,,5,,,,,,,,,,,,,,,,,,,,,,,,,,,,,,,,,,,,,,,,,,,,,,,,,,,,,,,1,1,,,,,,,
Dryas,FERT,38,T,17F,219,,,2,,,,,62,,2,,,,,,,,,,,,,,,,,,,,,,,,,,,,,,,,,,,,,,,,,,,,,,,,,,,,,,,3,4,,,,,,,
Dryas,FERT,39,C,20F,219,,,2,4,,,,61,Cap,6,,,,,,,,,,,,,,,,,,,,,,,,,,,,,,,,,,,,,,,,,,,,,,,,,,,,,,,3,2,,,,,,,
Dryas,FERT,40,T,18F,219,,,5,,,,,32,,5,,,,,,,,,,,,,,,,,,,,,,,,,,,,,,,,,,,,,,,,,,,,,,,,,,,,,,,,3,,,,49,Sen,222,
Dryas,MEAD,1,C,446,219,,,3,,,,,49,Sen,3,,,,,,,,,,,,,,,,,,,,,,,,,,,,,,,,,,,,,,,,,,,,,,,,,,,,,,,,1,1,,,55,Cap,222,
Dryas,MEAD,1,T,444,219,,,1,2,,,,95,Cap,3,,,,,,,,,,,,,,,,,,,,,,,,,,,,,,,,,,,,,,,,,,,,,,,,,,,,,,,,2,,,,47,Sen,222,
Dryas,MEAD,2,C,451,219,,,1,1,,,,55,Cap,2,,,,,,,,,,,,,,,,,,,,,,,,,,,,,,,,,,,,,,,,,,,,,,,,,,,,,,,,2,1,,,74,Cap,222,
Dryas,MEAD,2,T,450,219,,,2,,,,,47,Sen,2,,,,,,,,,,,,,,,,,,,,,,,,,,,,,,,,,,,,,,,,,,,,,,,,,,,,,,,,4,,,,53,Sen,222,
Dryas,MEAD,3,C,1R,219,,,2,1,,,,74,Cap,3,,,,,,,,,,,,,,,,,,,,,,,,,,,,,,,,,,,,,,,,,,,,,,,,,,,,,,,,,,2,,58,Eat,222,
Dryas,MEAD,3,T,455,219,,,4,,,,,53,Sen,4,,,,,,,,,,,,,,,,,,,,,,,,,,,,,,,,,,,,,,,,,,,,,,,,,,,,,,,,1,,,,38,Sen,222,
Dryas,MEAD,4,T,2R,219,,,,,,2,,58,Eat,2,,,,,,,,,,,,,,,,,,,,,,,,,,,,,,,,,,,,,,,,,,,,,,,,,,,,,,,,,3,,,92,Cap,222,
Dryas,MEAD,5,C,4R,219,,,1,,,,,38,Sen,1,,,,,,,,,,,,,,,,,,,,,,,,,,,,,,,,,,,,,,,,,,,,,,,,,,,,,,,,3,2,,,64,Cap,222,
Dryas,MEAD,5,T,3R,219,,,,3,,,,92,Cap,3,,,,,,,,,,,,,,,,,,,,,,,,,,,,,,,,,,,,,,,,,,,,,,,,,,,,,,,,7,,,,83,Sen,222,
Dryas,MEAD,6,C,468,219,,,3,2,,,,64,Cap,5,,,,,,,,,,,,,,,,,,,,,,,,,,,,,,,,,,,,,,,,,,,,,,,,,,,,,,,,1,,2,,51,Sen,222,
Dryas,MEAD,6,T,466,219,,,7,,,,,83,Sen,7,,,,,,,,,,,,,,,,,,,,,,,,,,,,,,,,,,,,,,,,,,,,,,,,,,,,,,,,2,1,,,72,Cap ,222,
Dryas,MEAD,7,C,473,219,,,1,,,2,,51,Sen,3,,,,,,,,,,,,,,,,,,,,,,,,,,,,,,,,,,,,,,,,,,,,,,,,,,,,,,,,,3,,,97,Cap,222,
Dryas,MEAD,7,T,470,219,,,2,1,,,,72,Cap ,3,,,,,,,,,,,,,,,,,,,,,,,,,,,,,,,,,,,,,,,,,,,,,,,,,,,,,,,,2,,,,58,Sen,222,
Dryas,MEAD,8,C,5R,219,,,,3,,,,97,Cap,3,,,,,,,,,,,,,,,,,,,,,,,,,,,,,,,,,,,,,,,,,,,,,,,,,,,,,,,,,2,,,112,Cap,222,
Dryas,MEAD,8,T,4R,219,,,2,,,,,58,Sen,2,,,,,,,,,,,,,,,,,,,,,,,,,,,,,,,,,,,,,,,,,,,,,,,,,,,,,,,,,2,,,117,Cap,222,
Dryas,MEAD,9,C,8R,219,,,,2,,,,112,Cap,2,,,,,,,,,,,,,,,,,,,,,,,,,,,,,,,,,,,,,,,,,,,,,,,,,,,,,,,,4,,,,38,Sen,222,
Dryas,MEAD,9,T,6R,219,,,,2,,,,117,Cap,2,,,,,,,,,,,,,,,,,,,,,,,,,,,,,,,,,,,,,,,,,,,,,,,,,,,,,,219,,,4,,,,44,Sen,222
Dryas,MEAD,10,C,7R,219,,,4,,,,,38,Sen,4,,,,,,,,,,,,,,,,,,,,,,,,,,,,,,,,,,,,,,,,,,,,,,,,,,,,,,219,,,1,2,,,32,Cap,222
Dryas,DRYAS,1,C,5R,219,,,4,,,,,44,Sen,4,,,,,,,,,,,,,,,,,,,,,,,,,,,,,,,,,,,,,,,,,,,,,,,,,,,,,,219,,,3,4,,,51,Cap,222
Dryas,DRYAS,1,C,6R,219,,,1,2,,,,32,Cap,3,,,,,,,,,,,,,,,,,,,,,,,,,,,,,,,,,,,,,,,,,,,,,,,,,,,,,,219,,,3,1,,,49,Cap,222
Dryas,DRYAS,1,T,1,219,,,,5,,,,62,Cap,5,,,,,,,,,,,,,,,,,,,,,,,,,,,,,,,,,,,,,,,,,,,,,,,,,,,,,,219,,,8,,,,38,Sen,222
Dryas,DRYAS,1,T,3,219,,,3,4,,,,51,Cap,7,,,,,,,,,,,,,,,,,,,,,,,,,,,,,,,,,,,,,,,,,,,,,,,,,,,,,,219,,,1,,,,42,,222
Dryas,DRYAS,2,C,10,219,,,3,1,,,,49,Cap,4,,,,,,,,,,,,,,,,,,,,,,,,,,,,,,,,,,,,,,,,,,,,,,,,,,,,,,219,,,,3,,,92,,222
Dryas,DRYAS,2,C,11,219,,,8,,,,,38,Sen,8,,,,,,,,,,,,,,,,,,,,,,,,,,,,,,,,,,,,,,,,,,,,,,,,,,,,,,219,,,1,,,,12,,222
Dryas,DRYAS,2,T,8,219,,,1,,,,,42,,1,,,,,,,,,,,,,,,,,,,,,,,,,,,,,,,,,,,,,,,,,,,,,,,,,,,,,,219,,,1,,,,26,,222
Dryas,DRYAS,2,T,7,219,,,,3,,,,92,,3,,,,,,,,,,,,,,,,,,,,,,,,,,,,,,,,,,,,,,,,,,,,,,,,,,,,,,219,,,2,5,1,,45,Cap,222
Dryas,DRYAS,3,C,16,219,,,1,,,,,12,,1,,,,,,,,,,,,,,,,,,,,,,,,,,,,,,,,,,,,,,,,,,,,,,,,,,,,,,219,,,3,,,,32,Sen,222
Dryas,DRYAS,3,C,18,219,,,1,,,,,26,,1,,,,,,,,,,,,,,,,,,,,,,,,,,,,,,,,,,,,,,,,,,,,,,,,,,,,,,219,,,4,,,,38,,222
Dryas,DRYAS,3,T,13,219,,,2,5,,1,,45,Cap,8,,,,,,,,,,,,,,,,,,,,,,,,,,,,,,,,,,,,,,,,,,,,,,,,,,,,,,219,,,21,,,,51,,222
Dryas,DRYAS,3,T,15,219,,,3,,,,,32,Sen,3,,,,,,,,,,,,,,,,,,,,,,,,,,,,,,,,,,,,,,,,,,,,,,,,,,,,,,219,,,4,,,,41,,222
Dryas,DRYAS,4,C,22,219,,,4,,,,,38,,4,,,,,,,,,,,,,,,,,,,,,,,,,,,,,,,,,,,,,,,,,,,,,,,,,,,,,,219,,,3,10,,,75,Cap,222
Dryas,DRYAS,4,C,23,219,,,21,,,,,51,,21,,,,,,,,,,,,,,,,,,,,,,,,,,,,,,,,,,,,,,,,,,,,,,,,,,,,,,219,,,6,,,,48,,222
Dryas,DRYAS,4,T,19,219,,,4,,,,,41,,4,,,,,,,,,,,,,,,,,,,,,,,,,,,,,,,,,,,,,,,,,,,,,,,,,,,,,,219,,,4,,,,36,,222
Dryas,DRYAS,4,T,21,219,,,3,10,,,,75,Cap,13,,,,,,,,,,,,,,,,,,,,,,,,,,,,,,,,,,,,,,,,,,,,,,,,,,,,,,219,,,3,,,,44,,222
Dryas,DRYAS,5,C,28,219,,,6,,,,,48,,6,,,,,,,,,,,,,,,,,,,,,,,,,,,,,,,,,,,,,,,,,,,,,,,,,,,,,,219,,,10,,,,53,,222
Dryas,DRYAS,5,C,30,219,,,4,,,,,36,,4,,,,,,,,,,,,,,,,,,,,,,,,,,,,,,,,,,,,,,,,,,,,,,,,,,,,,,219,,,5,,,,36,,222
Dryas,DRYAS,5,T,25,219,,,3,,,,,44,,3,,,,,,,,,,,,,,,,,,,,,,,,,,,,,,,,,,,,,,,,,,,,,,,,,,,,,,219,,,6,,,,51,,222
Dryas,DRYAS,5,T,4R,219,,,10,,,,,53,,10,,,,,,,,,,,,,,,,,,,,,,,,,,,,,,,,,,,,,,,,,,,,,,,,,,,,,,219,,,,4,,,41,,222
Dryas,DRYAS,6,C,34,219,,,5,,,,,36,,5,,,,,,,,,,,,,,,,,,,,,,,,,,,,,,,,,,,,,,,,,,,,,,,,,,,,,,219,,,1,,,,37,,222
Dryas,DRYAS,6,C,35,219,,,6,,,,,51,,6,,,,,,,,,,,,,,,,,,,,,,,,,,,,,,,,,,,,,,,,,,,,,,,,,,,,,,219,,,4,2,,,48,Cap,222
Dryas,DRYAS,6,T,31,219,,,,4,,,,41,,4,,,,,,,,,,,,,,,,,,,,,,,,,,,,,,,,,,,,,,,,,,,,,,,,,,,,,,219,,,4,,,,31,,222
Dryas,DRYAS,6,T,3R,219,,,1,,,,,37,,1,,,,,,,,,,,,,,,,,,,,,,,,,,,,,,,,,,,,,,,,,,,,,,,,,,,,,,219,,,6,,,,23,,222
Dryas,DRYAS,7,C,2R,219,,,4,2,,,,48,Cap,6,,,,,,,,,,,,,,,,,,,,,,,,,,,,,,,,,,,,,,,,,,,,,,,,,,,,,,219,,,1,2,2,,71,Cap,222
Dryas,DRYAS,7,C,42,219,,,4,,,,,31,,4,,,,,,,,,,,,,,,,,,,,,,,,,,,,,,,,,,,,,,,,,,,,,,,,,,,,,,219,,,3,,,,49,,222
Dryas,DRYAS,7,T,37,219,,,6,,,,,23,,6,,,,,,,,,,,,,,,,,,,,,,,,,,,,,,,,,,,,,,,,,,,,,,,,,,,,,,219,,,2,1,,,78,Cap,222
Dryas,DRYAS,7,T,38,219,,,1,2,,2,,71,Cap,5,,,,,,,,,,,,,,,,,,,,,,,,,,,,,,,,,,,,,,,,,,,,,,,,,,,,,,219,,,4,2,,,69,Cap,222
Dryas,DRYAS,8,C,46,219,,,3,,,,,49,,3,,,,,,,,,,,,,,,,,,,,,,,,,,,,,,,,,,,,,,,,,,,,,,,,,,,,,,219,,,,8,1,,66,Cap,222
Dryas,DRYAS,8,C,47,219,,,2,1,,,,78,Cap,3,,,,,,,,,,,,,,,,,,,,,,,,,,,,,,,,,,,,,,,,,,,,,,,,,,,,,,219,,,2,2,,,55,Cap,222
Dryas,DRYAS,8,T,43,219,,,4,2,,,,69,Cap,6,,,,,,,,,,,,,,,,,,,,,,,,,,,,,,,,,,,,,,,,,,,,,,,,,,,,,,219,,,1,,,,33,,222
Dryas,DRYAS,8,T,45,219,,,,8,,1,,66,Cap,9,,,,,,,,,,,,,,,,,,,,,,,,,,,,,,,,,,,,,,,,,,,,,,,,,,,,,,219,,,17,,,,52,,222
Dryas,DRYAS,9,C,53,219,,,2,2,,,,55,Cap,4,,,,,,,,,,,,,,,,,,,,,,,,,,,,,,,,,,,,,,,,,,,,,,,,,,,,,,219,,,,4,,,81,,222
Dryas,DRYAS,9,C,54,219,,,1,,,,,33,,1,,,,,,,,,,,,,,,,,,,,,,,,,,,,,,,,,,,,,,,,,,,,,,,,,,,,,,219,,,3,3,,,67,Cap,222
Dryas,DRYAS,9,T,49,219,,,17,,,,,52,,17,,,,,,,,,,,,,,,,,,,,,,,,,,,,,,,,,,,,,,,,,,,,,,,,,,,,,,219,,,3,1,,,37,Cap,222
Dryas,DRYAS,9,T,50,219,,,,4,,,,81,,4,,,,,,,,,,,,,,,,,,,,,,,,,,,,,,,,,,,,,,,,,,,,,,,,,,,,,,219,,,2,,,,46,,222
Dryas,DRYAS,10,C,1R,219,,,3,3,,,,67,Cap,6,,,,,,,,,,,,,,,,,,,,,,,,,,,,,,,,,,,,,,,,,,,,,,,,,,,,,,219,,,6,1,,,40,Cap,222
Dryas,DRYAS,10,C,60,219,,,3,1,,,,37,Cap,4,,,,,,,,,,,,,,,,,,,,,,,,,,,,,,,,,,,,,,,,,,,,,,,,,,,,,,,,,,,,,,,
Dryas,DRYAS,10,T,56,219,,,2,,,,,46,,2,,,,,,,,,,,,,,,,,,,,,,,,,,,,,,,,,,,,,,,,,,,,,,,,,,,,,,,,,,,,,,,
Dryas,DRYAS,10,T,57,219,,,6,1,,,,40,Cap,7,,,,,,,,,,,,,,,,,,,,,,,,,,,,,,,,,,,,,,,,,,,,,,,,,,,,,,,,,,,,,,,
Dryas,WILL,1,C,406,219,,,3,1,,,1,69,Cap ,5,,,,,,,,,,,,,,,,,,,,,,,,,,,,,,,,,,,,,,,,,,,,,,,,,,,,,,,,,,,,,,,
Dryas,WILL,1,C,1R,219,,,2,5,,,3,58,Cap ,10,,,,,,,,,,,,,,,,,,,,,,,,,,,,,,,,,,,,,,,,,,,,,,,,,,,,,,,,,,,,,,,
Dryas,WILL,1,T,403,219,,,30,,,,,54,Sen,30,,,,,,,,,,,,,,,,,,,,,,,,,,,,,,,,,,,,,,,,,,,,,,,,,,,,,,,,,,,,,,,
Dryas,WILL,1,T,401,219,,,,3,1,,,92,Sd,4,,,,,,,,,,,,,,,,,,,,,,,,,,,,,,,,,,,,,,,,,,,,,,,,,,,,,,,,,,,,,,,
Dryas,WILL,2,C,411,219,,,9,,,5,5,57,Sen,19,,,,,,,,,,,,,,,,,,,,,,,,,,,,,,,,,,,,,,,,,,,,,,,,,,,,,,,,,,,,,,,
Dryas,WILL,2,C,412,219,,,5,1,,,,55,Cap,6,,,,,,,,,,,,,,,,,,,,,,,,,,,,,,,,,,,,,,,,,,,,,,,,,,,,,,,,,,,,,,,
Dryas,WILL,2,T,408,219,,,5,,,,,46,Sen,5,,,,,,,,,,,,,,,,,,,,,,,,,,,,,,,,,,,,,,,,,,,,,,,,,,,,,,,,,,,,,,,
Dryas,WILL,2,T,T2-3,219,,,3,,,,6,57,Sen,9,,,,,,,,,,,,,,,,,,,,,,,,,,,,,,,,,,,,,,,,,,,,,,,,,,,,,,,,,,,,,,,
Dryas,WILL,3,C,415,219,,,,1,,,,64,Cap,1,,,,,,,,,,,,,,,,,,,,,,,,,,,,,,,,,,,,,,,,,,,,,,,,,,,,,,,,,,,,,,,
Dryas,WILL,3,C,414,219,,,3,,,,,33,Sen,3,,,,,,,,,,,,,,,,,,,,,,,,,,,,,,,,,,,,,,,,,,,,,,,,,,,,,,,,,,,,,,,
Dryas,WILL,3,T,2R,219,,,9,1,,,,82,Cap ,10,,,,,,,,,,,,,,,,,,,,,,,,,,,,,,,,,,,,,,,,,,,,,,,,,,,,,,,,,,,,,,,
Dryas,WILL,3,T,3R,219,,,2,7,,,,61,Cap,9,,,,,,,,,,,,,,,,,,,,,,,,,,,,,,,,,,,,,,,,,,,,,,,,,,,,,,,,,,,,,,,
Dryas,WILL,4,T,417,219,,,3,7,,,1,69,Cap,11,,,,,,,,,,,,,,,,,,,,,,,,,,,,,,,,,,,,,,,,,,,,,,,,,,,,,,,,,,,,,,,
Dryas,WILL,4,T,4R,219,,,,5,,,,118,Cap,5,,,,,,,,,,,,,,,,,,,,,,,,,,,,,,,,,,,,,,,,,,,,,,,,,,,,,,,,,,,,,,,
Dryas,WILL,5,C,422,219,,,4,,,,,47,Sen,4,,,,,,,,,,,,,,,,,,,,,,,,,,,,,,,,,,,,,,,,,,,,,,,,,,,,,,,,,,,,,,,
Dryas,WILL,5,C,423,219,,,4,,,,4,36,Sen,8,,,,,,,,,,,,,,,,,,,,,,,,,,,,,,,,,,,,,,,,,,,,,,,,,,,,,,,,,,,,,,,
Dryas,WILL,5,T,420,219,,,6,17,,,,116,Cap,23,,,,,,,,,,,,,,,,,,,,,,,,,,,,,,,,,,,,,,,,,,,,,,,,,,,,,,,,,,,,,,,
Dryas,WILL,5,T,421,219,,,5,2,,,,76,Cap,7,,,,,,,,,,,,,,,,,,,,,,,,,,,,,,,,,,,,,,,,,,,,,,,,,,,,,,,,,,,,,,,
Dryas,WILL,6,C,429,219,,,4,6,,,1,39,Cap,11,,,,,,,,,,,,,,,,,,,,,,,,,,,,,,,,,,,,,,,,,,,,,,,,,,,,,,,,,,,,,,,
Dryas,WILL,6,C,5R,219,,,12,,,,,52,Sen,12,,,,,,,,,,,,,,,,,,,,,,,,,,,,,,,,,,,,,,,,,,,,,,,,,,,,,,,,,,,,,,,
Dryas,WILL,6,T,427,219,,,6,,,,,65,Sen,6,,,,,,,,,,,,,,,,,,,,,,,,,,,,,,,,,,,,,,,,,,,,,,,,,,,,,,,,,,,,,,,
Dryas,WILL,6,T,425,219,,,,1,,,7,64,Cap,8,,,,,,,,,,,,,,,,,,,,,,,,,,,,,,,,,,,,,,,,,,,,,,,,,,,,,,,,,,,,,,,
Dryas,WILL,7,C,444,219,,,1,,,,,51,Sen,1,,,,,,,,,,,,,,,,,,,,,,,,,,,,,,,,,,,,,,,,,,,,,,,,,,,,,,,,,,,,,,,
Dryas,WILL,7,C,445,219,,,5,,,5,,43,Sen,10,,,,,,,,,,,,,,,,,,,,,,,,,,,,,,,,,,,,,,,,,,,,,,,,,,,,,,,,,,,,,,,
Dryas,WILL,7,T,448,219,,,,1,,,1,81,Sen,2,,,,,,,,,,,,,,,,,,,,,,,,,,,,,,,,,,,,,,,,,,,,,,,,,,,,,,,,,,,,,,,
Dryas,WILL,7,T,447,219,,,1,,,,,29,Sen,1,,,,,,,,,,,,,,,,,,,,,,,,,,,,,,,,,,,,,,,,,,,,,,,,,,,,,,,,,,,,,,,
Dryas,WILL,8,C,435,219,,,9,5,,,,77,Cap,14,,,,,,,,,,,,,,,,,,,,,,,,,,,,,,,,,,,,,,,,,,,,,,,,,,,,,,,,,,,,,,,
Dryas,WILL,8,C,436,219,,,4,1,,,,85,Cap,5,,,,,,,,,,,,,,,,,,,,,,,,,,,,,,,,,,,,,,,,,,,,,,,,,,,,,,,,,,,,,,,
Dryas,WILL,8,T,431,219,,,,,,6,,47,Eaten ,6,,,,,,,,,,,,,,,,,,,,,,,,,,,,,,,,,,,,,,,,,,,,,,,,,,,,,,,,,,,,,,,
Dryas,WILL,8,T,6R,219,,,1,12,,2,,97,Cap,15,,,,,,,,,,,,,,,,,,,,,,,,,,,,,,,,,,,,,,,,,,,,,,,,,,,,,,,,,,,,,,,
Dryas,WILL,9,C,452,219,,,2,,,1,,36,Sen,3,,,,,,,,,,,,,,,,,,,,,,,,,,,,,,,,,,,,,,,,,,,,,,,,,,,,,,,,,,,,,,,
Dryas,WILL,9,C,7R,219,,,10,1,,2,,74,Cap,13,,,,,,,,,,,,,,,,,,,,,,,,,,,,,,,,,,,,,,,,,,,,,,,,,,,,,,,,,,,,,,,
Dryas,WILL,10,C,440,219,,,7,,,,,38,Sen,7,,,,,,,,,,,,,,,,,,,,,,,,,,,,,,,,,,,,,,,,,,,,,,,,,,,,,,,,,,,,,,,
Dryas,WILL,10,C,441,219,,,5,1,,,,38,Cap,6,,,,,,,,,,,,,,,,,,,,,,,,,,,,,,,,,,,,,,,,,,,,,,,,,,,,,,,,,,,,,,,
Dryas,WILL,10,T,437,219,,,4,7,,,,84,Cap,11,,,,,,,,,,,,,,,,,,,,,,,,,,,,,,,,,,,,,,,,,,,,,,,,,,,,,,,,,,,,,,,
Dryas,WILL,10,T,8R,219,,,14,2,,,,79,Cap,16,,,,,,,,,,,,,,,,,,,,,,,,,,,,,,,,,,,,,,,,,,,,,,,,,,,,,,,,,,,,,,,
